id,username,name,surname
user-id-2,denzel_washington_user_2,denzel,washington
user-id-4,chris_pratt_user_4,chris,pratt
user-id-6,ethan_hawke_user_6,ethan,hawke
user-id-8,vincent_d'onofrio_user_8,vincent,d'onofrio
user-id-10,byung-hun_lee_user_10,byung-hun,lee
user-id-12,manuel_garsia-rulfo_user_12,manuel,garsia-rulfo
user-id-14,martin_sensmeier_user_14,martin,sensmeier
user-id-16,haley_bennett_user_16,haley,bennett
user-id-18,peter_sarsgaard_user_18,peter,sarsgaard
user-id-20,matt_bomer_user_20,matt,bomer